pid,parch,sibsp,sex,port,class,age,agegroup,title,survived
1,0,1,m,S,3,22.0,young_adult,Mr,0
2,0,1,f,C,1,38.0,adult,Mrs,1
3,0,0,f,S,3,26.0,young_adult,Miss,1
4,0,1,f,S,1,35.0,adult,Mrs,1
5,0,0,m,S,3,35.0,adult,Mr,0
6,0,0,m,Q,3,,age_unknown,Mr,0
7,0,0,m,S,1,54.0,middle_aged,Mr,0
8,1,3,m,S,3,2.0,child,Master,0
9,2,0,f,S,3,27.0,young_adult,Mrs,1
10,0,1,f,C,2,14.0,adolecent,Mrs,1
11,1,1,f,S,3,4.0,child,Miss,1
12,0,0,f,S,1,58.0,middle_aged,Miss,1
13,0,0,m,S,3,20.0,young_adult,Mr,0
14,5,1,m,S,3,39.0,adult,Mr,0
15,0,0,f,S,3,14.0,adolecent,Miss,0
16,0,0,f,S,2,55.0,middle_aged,Mrs,1
17,1,4,m,Q,3,2.0,child,Master,0
18,0,0,m,S,2,,age_unknown,Mr,1
19,0,1,f,S,3,31.0,adult,Mrs,0
20,0,0,f,C,3,,age_unknown,Mrs,1
21,0,0,m,S,2,35.0,adult,Mr,0
22,0,0,m,S,2,34.0,adult,Mr,1
23,0,0,f,Q,3,15.0,adolecent,Miss,1
24,0,0,m,S,1,28.0,young_adult,Mr,1
25,1,3,f,S,3,8.0,child,Miss,0
26,5,1,f,S,3,38.0,adult,Mrs,1
27,0,0,m,C,3,,age_unknown,Mr,0
28,2,3,m,S,1,19.0,adolecent,Mr,0
29,0,0,f,Q,3,,age_unknown,Miss,1
30,0,0,m,S,3,,age_unknown,Mr,0
31,0,0,m,C,1,40.0,middle_aged,Don,0
32,0,1,f,C,1,,age_unknown,Mrs,1
33,0,0,f,Q,3,,age_unknown,Miss,1
34,0,0,m,S,2,66.0,early_old,Mr,0
35,0,1,m,C,1,28.0,young_adult,Mr,0
36,0,1,m,S,1,42.0,middle_aged,Mr,0
37,0,0,m,C,3,,age_unknown,Mr,1
38,0,0,m,S,3,21.0,young_adult,Mr,0
39,0,2,f,S,3,18.0,adolecent,Miss,0
40,0,1,f,C,3,14.0,adolecent,Miss,1
41,0,1,f,S,3,40.0,middle_aged,Mrs,0
42,0,1,f,S,2,27.0,young_adult,Mrs,0
43,0,0,m,C,3,,age_unknown,Mr,0
44,2,1,f,C,2,3.0,child,Miss,1
45,0,0,f,Q,3,19.0,adolecent,Miss,1
46,0,0,m,S,3,,age_unknown,Mr,0
47,0,1,m,Q,3,,age_unknown,Mr,0
48,0,0,f,Q,3,,age_unknown,Miss,1
49,0,2,m,C,3,,age_unknown,Mr,0
50,0,1,f,S,3,18.0,adolecent,Mrs,0
51,1,4,m,S,3,7.0,child,Master,0
52,0,0,m,S,3,21.0,young_adult,Mr,0
53,0,1,f,C,1,49.0,middle_aged,Mrs,1
54,0,1,f,S,2,29.0,young_adult,Mrs,1
55,1,0,m,C,1,65.0,early_old,Mr,0
56,0,0,m,S,1,,age_unknown,Mr,1
57,0,0,f,S,2,21.0,young_adult,Miss,1
58,0,0,m,C,3,28.5,young_adult,Mr,0
59,2,1,f,S,2,5.0,child,Miss,1
60,2,5,m,S,3,11.0,adolecent,Master,0
61,0,0,m,C,3,22.0,young_adult,Mr,0
62,0,0,f,N,1,38.0,adult,Miss,1
63,0,1,m,S,1,45.0,middle_aged,Mr,0
64,2,3,m,S,3,4.0,child,Master,0
65,0,0,m,C,1,,age_unknown,Mr,0
66,1,1,m,C,3,,age_unknown,Master,1
67,0,0,f,S,2,29.0,young_adult,Mrs,1
68,0,0,m,S,3,19.0,adolecent,Mr,0
69,2,4,f,S,3,17.0,adolecent,Miss,1
70,0,2,m,S,3,26.0,young_adult,Mr,0
71,0,0,m,S,2,32.0,adult,Mr,0
72,2,5,f,S,3,16.0,adolecent,Miss,0
73,0,0,m,S,2,21.0,young_adult,Mr,0
74,0,1,m,C,3,26.0,young_adult,Mr,0
75,0,0,m,S,3,32.0,adult,Mr,1
76,0,0,m,S,3,25.0,young_adult,Mr,0
77,0,0,m,S,3,,age_unknown,Mr,0
78,0,0,m,S,3,,age_unknown,Mr,0
79,2,0,m,S,2,0.83,infant,Master,1
80,0,0,f,S,3,30.0,adult,Miss,1
81,0,0,m,S,3,22.0,young_adult,Mr,0
82,0,0,m,S,3,29.0,young_adult,Mr,1
83,0,0,f,Q,3,,age_unknown,Miss,1
84,0,0,m,S,1,28.0,young_adult,Mr,0
85,0,0,f,S,2,17.0,adolecent,Miss,1
86,0,3,f,S,3,33.0,adult,Mrs,1
87,3,1,m,S,3,16.0,adolecent,Mr,0
88,0,0,m,S,3,,age_unknown,Mr,0
89,2,3,f,S,1,23.0,young_adult,Miss,1
90,0,0,m,S,3,24.0,young_adult,Mr,0
91,0,0,m,S,3,29.0,young_adult,Mr,0
92,0,0,m,S,3,20.0,young_adult,Mr,0
93,0,1,m,S,1,46.0,middle_aged,Mr,0
94,2,1,m,S,3,26.0,young_adult,Mr,0
95,0,0,m,S,3,59.0,middle_aged,Mr,0
96,0,0,m,S,3,,age_unknown,Mr,0
97,0,0,m,C,1,71.0,early_old,Mr,0
98,1,0,m,C,1,23.0,young_adult,Mr,1
99,1,0,f,S,2,34.0,adult,Mrs,1
100,0,1,m,S,2,34.0,adult,Mr,0
101,0,0,f,S,3,28.0,young_adult,Miss,0
102,0,0,m,S,3,,age_unknown,Mr,0
103,1,0,m,S,1,21.0,young_adult,Mr,0
104,0,0,m,S,3,33.0,adult,Mr,0
105,0,2,m,S,3,37.0,adult,Mr,0
106,0,0,m,S,3,28.0,young_adult,Mr,0
107,0,0,f,S,3,21.0,young_adult,Miss,1
108,0,0,m,S,3,,age_unknown,Mr,1
109,0,0,m,S,3,38.0,adult,Mr,0
110,0,1,f,Q,3,,age_unknown,Miss,1
111,0,0,m,S,1,47.0,middle_aged,Mr,0
112,0,1,f,C,3,14.5,adolecent,Miss,0
113,0,0,m,S,3,22.0,young_adult,Mr,0
114,0,1,f,S,3,20.0,young_adult,Miss,0
115,0,0,f,C,3,17.0,adolecent,Miss,0
116,0,0,m,S,3,21.0,young_adult,Mr,0
117,0,0,m,Q,3,70.5,early_old,Mr,0
118,0,1,m,S,2,29.0,young_adult,Mr,0
119,1,0,m,C,1,24.0,young_adult,Mr,0
120,2,4,f,S,3,2.0,child,Miss,0
121,0,2,m,S,2,21.0,young_adult,Mr,0
122,0,0,m,S,3,,age_unknown,Mr,0
123,0,1,m,C,2,32.5,adult,Mr,0
124,0,0,f,S,2,32.5,adult,Miss,1
125,1,0,m,S,1,54.0,middle_aged,Mr,0
126,0,1,m,C,3,12.0,adolecent,Master,1
127,0,0,m,Q,3,,age_unknown,Mr,0
128,0,0,m,S,3,24.0,young_adult,Mr,1
129,1,1,f,C,3,,age_unknown,Miss,1
130,0,0,m,S,3,45.0,middle_aged,Mr,0
131,0,0,m,C,3,33.0,adult,Mr,0
132,0,0,m,S,3,20.0,young_adult,Mr,0
133,0,1,f,S,3,47.0,middle_aged,Mrs,0
134,0,1,f,S,2,29.0,young_adult,Mrs,1
135,0,0,m,S,2,25.0,young_adult,Mr,0
136,0,0,m,C,2,23.0,young_adult,Mr,0
137,2,0,f,S,1,19.0,adolecent,Miss,1
138,0,1,m,S,1,37.0,adult,Mr,0
139,0,0,m,S,3,16.0,adolecent,Mr,0
140,0,0,m,C,1,24.0,young_adult,Mr,0
141,2,0,f,C,3,,age_unknown,Mrs,0
142,0,0,f,S,3,22.0,young_adult,Miss,1
143,0,1,f,S,3,24.0,young_adult,Mrs,1
144,0,0,m,Q,3,19.0,adolecent,Mr,0
145,0,0,m,S,2,18.0,adolecent,Mr,0
146,1,1,m,S,2,19.0,adolecent,Mr,0
147,0,0,m,S,3,27.0,young_adult,Mr,1
148,2,2,f,S,3,9.0,child,Miss,0
149,2,0,m,S,2,36.5,adult,Mr,0
150,0,0,m,S,2,42.0,middle_aged,Rev,0
151,0,0,m,S,2,51.0,middle_aged,Rev,0
152,0,1,f,S,1,22.0,young_adult,Mrs,1
153,0,0,m,S,3,55.5,middle_aged,Mr,0
154,2,0,m,S,3,40.5,middle_aged,Mr,0
155,0,0,m,S,3,,age_unknown,Mr,0
156,1,0,m,C,1,51.0,middle_aged,Mr,0
157,0,0,f,Q,3,16.0,adolecent,Miss,1
158,0,0,m,S,3,30.0,adult,Mr,0
159,0,0,m,S,3,,age_unknown,Mr,0
160,2,8,m,S,3,,age_unknown,Master,0
161,1,0,m,S,3,44.0,middle_aged,Mr,0
162,0,0,f,S,2,40.0,middle_aged,Mrs,1
163,0,0,m,S,3,26.0,young_adult,Mr,0
164,0,0,m,S,3,17.0,adolecent,Mr,0
165,1,4,m,S,3,1.0,infant,Master,0
166,2,0,m,S,3,9.0,child,Master,1
167,1,0,f,S,1,,age_unknown,Mrs,1
168,4,1,f,S,3,45.0,middle_aged,Mrs,0
169,0,0,m,S,1,,age_unknown,Mr,0
170,0,0,m,S,3,28.0,young_adult,Mr,0
171,0,0,m,S,1,61.0,early_old,Mr,0
172,1,4,m,Q,3,4.0,child,Master,0
173,1,1,f,S,3,1.0,infant,Miss,1
174,0,0,m,S,3,21.0,young_adult,Mr,0
175,0,0,m,C,1,56.0,middle_aged,Mr,0
176,1,1,m,S,3,18.0,adolecent,Mr,0
177,1,3,m,S,3,,age_unknown,Master,0
178,0,0,f,C,1,50.0,middle_aged,Miss,0
179,0,0,m,S,2,30.0,adult,Mr,0
180,0,0,m,S,3,36.0,adult,Mr,0
181,2,8,f,S,3,,age_unknown,Miss,0
182,0,0,m,C,2,,age_unknown,Mr,0
183,2,4,m,S,3,9.0,child,Master,0
184,1,2,m,S,2,1.0,infant,Master,1
185,2,0,f,S,3,4.0,child,Miss,1
186,0,0,m,S,1,,age_unknown,Mr,0
187,0,1,f,Q,3,,age_unknown,Mrs,1
188,0,0,m,S,1,45.0,middle_aged,Mr,1
189,1,1,m,Q,3,40.0,middle_aged,Mr,0
190,0,0,m,S,3,36.0,adult,Mr,0
191,0,0,f,S,2,32.0,adult,Mrs,1
192,0,0,m,S,2,19.0,adolecent,Mr,0
193,0,1,f,S,3,19.0,adolecent,Miss,1
194,1,1,m,S,2,3.0,child,Master,1
195,0,0,f,C,1,44.0,middle_aged,Mrs,1
196,0,0,f,C,1,58.0,middle_aged,Miss,1
197,0,0,m,Q,3,,age_unknown,Mr,0
198,1,0,m,S,3,42.0,middle_aged,Mr,0
199,0,0,f,Q,3,,age_unknown,Miss,1
200,0,0,f,S,2,24.0,young_adult,Miss,0
201,0,0,m,S,3,28.0,young_adult,Mr,0
202,2,8,m,S,3,,age_unknown,Mr,0
203,0,0,m,S,3,34.0,adult,Mr,0
204,0,0,m,C,3,45.5,middle_aged,Mr,0
205,0,0,m,S,3,18.0,adolecent,Mr,1
206,1,0,f,S,3,2.0,child,Miss,0
207,0,1,m,S,3,32.0,adult,Mr,0
208,0,0,m,C,3,26.0,young_adult,Mr,1
209,0,0,f,Q,3,16.0,adolecent,Miss,1
210,0,0,m,C,1,40.0,middle_aged,Mr,1
211,0,0,m,S,3,24.0,young_adult,Mr,0
212,0,0,f,S,2,35.0,adult,Miss,1
213,0,0,m,S,3,22.0,young_adult,Mr,0
214,0,0,m,S,2,30.0,adult,Mr,0
215,0,1,m,Q,3,,age_unknown,Mr,0
216,0,1,f,C,1,31.0,adult,Miss,1
217,0,0,f,S,3,27.0,young_adult,Miss,1
218,0,1,m,S,2,42.0,middle_aged,Mr,0
219,0,0,f,C,1,32.0,adult,Miss,1
220,0,0,m,S,2,30.0,adult,Mr,0
221,0,0,m,S,3,16.0,adolecent,Mr,1
222,0,0,m,S,2,27.0,young_adult,Mr,0
223,0,0,m,S,3,51.0,middle_aged,Mr,0
224,0,0,m,S,3,,age_unknown,Mr,0
225,0,1,m,S,1,38.0,adult,Mr,1
226,0,0,m,S,3,22.0,young_adult,Mr,0
227,0,0,m,S,2,19.0,adolecent,Mr,1
228,0,0,m,S,3,20.5,young_adult,Mr,0
229,0,0,m,S,2,18.0,adolecent,Mr,0
230,1,3,f,S,3,,age_unknown,Miss,0
231,0,1,f,S,1,35.0,adult,Mrs,1
232,0,0,m,S,3,29.0,young_adult,Mr,0
233,0,0,m,S,2,59.0,middle_aged,Mr,0
234,2,4,f,S,3,5.0,child,Miss,1
235,0,0,m,S,2,24.0,young_adult,Mr,0
236,0,0,f,S,3,,age_unknown,Miss,0
237,0,1,m,S,2,44.0,middle_aged,Mr,0
238,2,0,f,S,2,8.0,child,Miss,1
239,0,0,m,S,2,19.0,adolecent,Mr,0
240,0,0,m,S,2,33.0,adult,Mr,0
241,0,1,f,C,3,,age_unknown,Miss,0
242,0,1,f,Q,3,,age_unknown,Miss,1
243,0,0,m,S,2,29.0,young_adult,Mr,0
244,0,0,m,S,3,22.0,young_adult,Mr,0
245,0,0,m,C,3,30.0,adult,Mr,0
246,0,2,m,Q,1,44.0,middle_aged,Dr,0
247,0,0,f,S,3,25.0,young_adult,Miss,0
248,2,0,f,S,2,24.0,young_adult,Mrs,1
249,1,1,m,S,1,37.0,adult,Mr,1
250,0,1,m,S,2,54.0,middle_aged,Rev,0
251,0,0,m,S,3,,age_unknown,Mr,0
252,1,1,f,S,3,29.0,young_adult,Mrs,0
253,0,0,m,S,1,62.0,early_old,Mr,0
254,0,1,m,S,3,30.0,adult,Mr,0
255,2,0,f,S,3,41.0,middle_aged,Mrs,0
256,2,0,f,C,3,29.0,young_adult,Mrs,1
257,0,0,f,C,1,,age_unknown,Mrs,1
258,0,0,f,S,1,30.0,adult,Miss,1
259,0,0,f,C,1,35.0,adult,Miss,1
260,1,0,f,S,2,50.0,middle_aged,Mrs,1
261,0,0,m,Q,3,,age_unknown,Mr,0
262,2,4,m,S,3,3.0,child,Master,1
263,1,1,m,S,1,52.0,middle_aged,Mr,0
264,0,0,m,S,1,40.0,middle_aged,Mr,0
265,0,0,f,Q,3,,age_unknown,Miss,0
266,0,0,m,S,2,36.0,adult,Mr,0
267,1,4,m,S,3,16.0,adolecent,Mr,0
268,0,1,m,S,3,25.0,young_adult,Mr,1
269,1,0,f,S,1,58.0,middle_aged,Mrs,1
270,0,0,f,S,1,35.0,adult,Miss,1
271,0,0,m,S,1,,age_unknown,Mr,0
272,0,0,m,S,3,25.0,young_adult,Mr,1
273,1,0,f,S,2,41.0,middle_aged,Mrs,1
274,1,0,m,C,1,37.0,adult,Mr,0
275,0,0,f,Q,3,,age_unknown,Miss,1
276,0,1,f,S,1,63.0,early_old,Miss,1
277,0,0,f,S,3,45.0,middle_aged,Miss,0
278,0,0,m,S,2,,age_unknown,Mr,0
279,1,4,m,Q,3,7.0,child,Master,0
280,1,1,f,S,3,35.0,adult,Mrs,1
281,0,0,m,Q,3,65.0,early_old,Mr,0
282,0,0,m,S,3,28.0,young_adult,Mr,0
283,0,0,m,S,3,16.0,adolecent,Mr,0
284,0,0,m,S,3,19.0,adolecent,Mr,1
285,0,0,m,S,1,,age_unknown,Mr,0
286,0,0,m,C,3,33.0,adult,Mr,0
287,0,0,m,S,3,30.0,adult,Mr,1
288,0,0,m,S,3,22.0,young_adult,Mr,0
289,0,0,m,S,2,42.0,middle_aged,Mr,1
290,0,0,f,Q,3,22.0,young_adult,Miss,1
291,0,0,f,S,1,26.0,young_adult,Miss,1
292,0,1,f,C,1,19.0,adolecent,Mrs,1
293,0,0,m,C,2,36.0,adult,Mr,0
294,0,0,f,S,3,24.0,young_adult,Miss,0
295,0,0,m,S,3,24.0,young_adult,Mr,0
296,0,0,m,C,1,,age_unknown,Mr,0
297,0,0,m,C,3,23.5,young_adult,Mr,0
298,2,1,f,S,1,2.0,child,Miss,0
299,0,0,m,S,1,,age_unknown,Mr,1
300,1,0,f,C,1,50.0,middle_aged,Mrs,1
301,0,0,f,Q,3,,age_unknown,Miss,1
302,0,2,m,Q,3,,age_unknown,Mr,1
303,0,0,m,S,3,19.0,adolecent,Mr,0
304,0,0,f,Q,2,,age_unknown,Miss,1
305,0,0,m,S,3,,age_unknown,Mr,0
306,2,1,m,S,1,0.92,infant,Master,1
307,0,0,f,C,1,,age_unknown,Miss,1
308,0,1,f,C,1,17.0,adolecent,Mrs,1
309,0,1,m,C,2,30.0,adult,Mr,0
310,0,0,f,C,1,30.0,adult,Miss,1
311,0,0,f,C,1,24.0,young_adult,Miss,1
312,2,2,f,C,1,18.0,adolecent,Miss,1
313,1,1,f,S,2,26.0,young_adult,Mrs,0
314,0,0,m,S,3,28.0,young_adult,Mr,0
315,1,1,m,S,2,43.0,middle_aged,Mr,0
316,0,0,f,S,3,26.0,young_adult,Miss,1
317,0,1,f,S,2,24.0,young_adult,Mrs,1
318,0,0,m,S,2,54.0,middle_aged,Dr,0
319,2,0,f,S,1,31.0,adult,Miss,1
320,1,1,f,C,1,40.0,middle_aged,Mrs,1
321,0,0,m,S,3,22.0,young_adult,Mr,0
322,0,0,m,S,3,27.0,young_adult,Mr,0
323,0,0,f,Q,2,30.0,adult,Miss,1
324,1,1,f,S,2,22.0,young_adult,Mrs,1
325,2,8,m,S,3,,age_unknown,Mr,0
326,0,0,f,C,1,36.0,adult,Miss,1
327,0,0,m,S,3,61.0,early_old,Mr,0
328,0,0,f,S,2,36.0,adult,Mrs,1
329,1,1,f,S,3,31.0,adult,Mrs,1
330,1,0,f,C,1,16.0,adolecent,Miss,1
331,0,2,f,Q,3,,age_unknown,Miss,1
332,0,0,m,S,1,45.5,middle_aged,Mr,0
333,1,0,m,S,1,38.0,adult,Mr,0
334,0,2,m,S,3,16.0,adolecent,Mr,0
335,0,1,f,S,1,,age_unknown,Mrs,1
336,0,0,m,S,3,,age_unknown,Mr,0
337,0,1,m,S,1,29.0,young_adult,Mr,0
338,0,0,f,C,1,41.0,middle_aged,Miss,1
339,0,0,m,S,3,45.0,middle_aged,Mr,1
340,0,0,m,S,1,45.0,middle_aged,Mr,0
341,1,1,m,S,2,2.0,child,Master,1
342,2,3,f,S,1,24.0,young_adult,Miss,1
343,0,0,m,S,2,28.0,young_adult,Mr,0
344,0,0,m,S,2,25.0,young_adult,Mr,0
345,0,0,m,S,2,36.0,adult,Mr,0
346,0,0,f,S,2,24.0,young_adult,Miss,1
347,0,0,f,S,2,40.0,middle_aged,Miss,1
348,0,1,f,S,3,,age_unknown,Mrs,1
349,1,1,m,S,3,3.0,child,Master,1
350,0,0,m,S,3,42.0,middle_aged,Mr,0
351,0,0,m,S,3,23.0,young_adult,Mr,0
352,0,0,m,S,1,,age_unknown,Mr,0
353,1,1,m,C,3,15.0,adolecent,Mr,0
354,0,1,m,S,3,25.0,young_adult,Mr,0
355,0,0,m,C,3,,age_unknown,Mr,0
356,0,0,m,S,3,28.0,young_adult,Mr,0
357,1,0,f,S,1,22.0,young_adult,Miss,1
358,0,0,f,S,2,38.0,adult,Miss,0
359,0,0,f,Q,3,,age_unknown,Miss,1
360,0,0,f,Q,3,,age_unknown,Miss,1
361,4,1,m,S,3,40.0,middle_aged,Mr,0
362,0,1,m,C,2,29.0,young_adult,Mr,0
363,1,0,f,C,3,45.0,middle_aged,Mrs,0
364,0,0,m,S,3,35.0,adult,Mr,0
365,0,1,m,Q,3,,age_unknown,Mr,0
366,0,0,m,S,3,30.0,adult,Mr,0
367,0,1,f,C,1,60.0,early_old,Mrs,1
368,0,0,f,C,3,,age_unknown,Mrs,1
369,0,0,f,Q,3,,age_unknown,Miss,1
370,0,0,f,C,1,24.0,young_adult,Mme,1
371,0,1,m,C,1,25.0,young_adult,Mr,1
372,0,1,m,S,3,18.0,adolecent,Mr,0
373,0,0,m,S,3,19.0,adolecent,Mr,0
374,0,0,m,C,1,22.0,young_adult,Mr,0
375,1,3,f,S,3,3.0,child,Miss,0
376,0,1,f,C,1,,age_unknown,Mrs,1
377,0,0,f,S,3,22.0,young_adult,Miss,1
378,2,0,m,C,1,27.0,young_adult,Mr,0
379,0,0,m,C,3,20.0,young_adult,Mr,0
380,0,0,m,S,3,19.0,adolecent,Mr,0
381,0,0,f,C,1,42.0,middle_aged,Miss,1
382,2,0,f,C,3,1.0,infant,Miss,1
383,0,0,m,S,3,32.0,adult,Mr,0
384,0,1,f,S,1,35.0,adult,Mrs,1
385,0,0,m,S,3,,age_unknown,Mr,0
386,0,0,m,S,2,18.0,adolecent,Mr,0
387,2,5,m,S,3,1.0,infant,Master,0
388,0,0,f,S,2,36.0,adult,Miss,1
389,0,0,m,Q,3,,age_unknown,Mr,0
390,0,0,f,C,2,17.0,adolecent,Miss,1
391,2,1,m,S,1,36.0,adult,Mr,1
392,0,0,m,S,3,21.0,young_adult,Mr,1
393,0,2,m,S,3,28.0,young_adult,Mr,0
394,0,1,f,C,1,23.0,young_adult,Miss,1
395,2,0,f,S,3,24.0,young_adult,Mrs,1
396,0,0,m,S,3,22.0,young_adult,Mr,0
397,0,0,f,S,3,31.0,adult,Miss,0
398,0,0,m,S,2,46.0,middle_aged,Mr,0
399,0,0,m,S,2,23.0,young_adult,Dr,0
400,0,0,f,S,2,28.0,young_adult,Mrs,1
401,0,0,m,S,3,39.0,adult,Mr,1
402,0,0,m,S,3,26.0,young_adult,Mr,0
403,0,1,f,S,3,21.0,young_adult,Miss,0
404,0,1,m,S,3,28.0,young_adult,Mr,0
405,0,0,f,S,3,20.0,young_adult,Miss,0
406,0,1,m,S,2,34.0,adult,Mr,0
407,0,0,m,S,3,51.0,middle_aged,Mr,0
408,1,1,m,S,2,3.0,child,Master,1
409,0,0,m,S,3,21.0,young_adult,Mr,0
410,1,3,f,S,3,,age_unknown,Miss,0
411,0,0,m,S,3,,age_unknown,Mr,0
412,0,0,m,Q,3,,age_unknown,Mr,0
413,0,1,f,Q,1,33.0,adult,Miss,1
414,0,0,m,S,2,,age_unknown,Mr,0
415,0,0,m,S,3,44.0,middle_aged,Mr,1
416,0,0,f,S,3,,age_unknown,Mrs,0
417,1,1,f,S,2,34.0,adult,Mrs,1
418,2,0,f,S,2,18.0,adolecent,Miss,1
419,0,0,m,S,2,30.0,adult,Mr,0
420,2,0,f,S,3,10.0,adolecent,Miss,0
421,0,0,m,C,3,,age_unknown,Mr,0
422,0,0,m,Q,3,21.0,young_adult,Mr,0
423,0,0,m,S,3,29.0,young_adult,Mr,0
424,1,1,f,S,3,28.0,young_adult,Mrs,0
425,1,1,m,S,3,18.0,adolecent,Mr,0
426,0,0,m,S,3,,age_unknown,Mr,0
427,0,1,f,S,2,28.0,young_adult,Mrs,1
428,0,0,f,S,2,19.0,adolecent,Miss,1
429,0,0,m,Q,3,,age_unknown,Mr,0
430,0,0,m,S,3,32.0,adult,Mr,1
431,0,0,m,S,1,28.0,young_adult,Mr,1
432,0,1,f,S,3,,age_unknown,Mrs,1
433,0,1,f,S,2,42.0,middle_aged,Mrs,1
434,0,0,m,S,3,17.0,adolecent,Mr,0
435,0,1,m,S,1,50.0,middle_aged,Mr,0
436,2,1,f,S,1,14.0,adolecent,Miss,1
437,2,2,f,S,3,21.0,young_adult,Miss,0
438,3,2,f,S,2,24.0,young_adult,Mrs,1
439,4,1,m,S,1,64.0,early_old,Mr,0
440,0,0,m,S,2,31.0,adult,Mr,0
441,1,1,f,S,2,45.0,middle_aged,Mrs,1
442,0,0,m,S,3,20.0,young_adult,Mr,0
443,0,1,m,S,3,25.0,young_adult,Mr,0
444,0,0,f,S,2,28.0,young_adult,Ms,1
445,0,0,m,S,3,,age_unknown,Mr,1
446,2,0,m,S,1,4.0,child,Master,1
447,1,0,f,S,2,13.0,adolecent,Miss,1
448,0,0,m,S,1,34.0,adult,Mr,1
449,1,2,f,C,3,5.0,child,Miss,1
450,0,0,m,S,1,52.0,middle_aged,Major,1
451,2,1,m,S,2,36.0,adult,Mr,0
452,0,1,m,S,3,,age_unknown,Mr,0
453,0,0,m,C,1,30.0,adult,Mr,0
454,0,1,m,C,1,49.0,middle_aged,Mr,1
455,0,0,m,S,3,,age_unknown,Mr,0
456,0,0,m,C,3,29.0,young_adult,Mr,1
457,0,0,m,S,1,65.0,early_old,Mr,0
458,0,1,f,S,1,,age_unknown,Mrs,1
459,0,0,f,S,2,50.0,middle_aged,Miss,1
460,0,0,m,Q,3,,age_unknown,Mr,0
461,0,0,m,S,1,48.0,middle_aged,Mr,1
462,0,0,m,S,3,34.0,adult,Mr,0
463,0,0,m,S,1,47.0,middle_aged,Mr,0
464,0,0,m,S,2,48.0,middle_aged,Mr,0
465,0,0,m,S,3,,age_unknown,Mr,0
466,0,0,m,S,3,38.0,adult,Mr,0
467,0,0,m,S,2,,age_unknown,Mr,0
468,0,0,m,S,1,56.0,middle_aged,Mr,0
469,0,0,m,Q,3,,age_unknown,Mr,0
470,1,2,f,C,3,0.75,infant,Miss,1
471,0,0,m,S,3,,age_unknown,Mr,0
472,0,0,m,S,3,38.0,adult,Mr,0
473,2,1,f,S,2,33.0,adult,Mrs,1
474,0,0,f,C,2,23.0,young_adult,Mrs,1
475,0,0,f,S,3,22.0,young_adult,Miss,0
476,0,0,m,S,1,,age_unknown,Mr,0
477,0,1,m,S,2,34.0,adult,Mr,0
478,0,1,m,S,3,29.0,young_adult,Mr,0
479,0,0,m,S,3,22.0,young_adult,Mr,0
480,1,0,f,S,3,2.0,child,Miss,1
481,2,5,m,S,3,9.0,child,Master,0
482,0,0,m,S,2,,age_unknown,Mr,0
483,0,0,m,S,3,50.0,middle_aged,Mr,0
484,0,0,f,S,3,63.0,early_old,Mrs,1
485,0,1,m,C,1,25.0,young_adult,Mr,1
486,1,3,f,S,3,,age_unknown,Miss,0
487,0,1,f,S,1,35.0,adult,Mrs,1
488,0,0,m,C,1,58.0,middle_aged,Mr,0
489,0,0,m,S,3,30.0,adult,Mr,0
490,1,1,m,S,3,9.0,child,Master,1
491,0,1,m,S,3,,age_unknown,Mr,0
492,0,0,m,S,3,21.0,young_adult,Mr,0
493,0,0,m,S,1,55.0,middle_aged,Mr,0
494,0,0,m,C,1,71.0,early_old,Mr,0
495,0,0,m,S,3,21.0,young_adult,Mr,0
496,0,0,m,C,3,,age_unknown,Mr,0
497,0,1,f,C,1,54.0,middle_aged,Miss,1
498,0,0,m,S,3,,age_unknown,Mr,0
499,2,1,f,S,1,25.0,young_adult,Mrs,0
500,0,0,m,S,3,24.0,young_adult,Mr,0
501,0,0,m,S,3,17.0,adolecent,Mr,0
502,0,0,f,Q,3,21.0,young_adult,Miss,0
503,0,0,f,Q,3,,age_unknown,Miss,0
504,0,0,f,S,3,37.0,adult,Miss,0
505,0,0,f,S,1,16.0,adolecent,Miss,1
506,0,1,m,C,1,18.0,adolecent,Mr,0
507,2,0,f,S,2,33.0,adult,Mrs,1
508,0,0,m,S,1,,age_unknown,Mr,1
509,0,0,m,S,3,28.0,young_adult,Mr,0
510,0,0,m,S,3,26.0,young_adult,Mr,1
511,0,0,m,Q,3,29.0,young_adult,Mr,1
512,0,0,m,S,3,,age_unknown,Mr,0
513,0,0,m,S,1,36.0,adult,Mr,1
514,0,1,f,C,1,54.0,middle_aged,Mrs,1
515,0,0,m,S,3,24.0,young_adult,Mr,0
516,0,0,m,S,1,47.0,middle_aged,Mr,0
517,0,0,f,S,2,34.0,adult,Mrs,1
518,0,0,m,Q,3,,age_unknown,Mr,0
519,0,1,f,S,2,36.0,adult,Mrs,1
520,0,0,m,S,3,32.0,adult,Mr,0
521,0,0,f,S,1,30.0,adult,Miss,1
522,0,0,m,S,3,22.0,young_adult,Mr,0
523,0,0,m,C,3,,age_unknown,Mr,0
524,1,0,f,C,1,44.0,middle_aged,Mrs,1
525,0,0,m,C,3,,age_unknown,Mr,0
526,0,0,m,Q,3,40.5,middle_aged,Mr,0
527,0,0,f,S,2,50.0,middle_aged,Miss,1
528,0,0,m,S,1,,age_unknown,Mr,0
529,0,0,m,S,3,39.0,adult,Mr,0
530,1,2,m,S,2,23.0,young_adult,Mr,0
531,1,1,f,S,2,2.0,child,Miss,1
532,0,0,m,C,3,,age_unknown,Mr,0
533,1,1,m,C,3,17.0,adolecent,Mr,0
534,2,0,f,C,3,,age_unknown,Mrs,1
535,0,0,f,S,3,30.0,adult,Miss,0
536,2,0,f,S,2,7.0,child,Miss,1
537,0,0,m,S,1,45.0,middle_aged,Major,0
538,0,0,f,C,1,30.0,adult,Miss,1
539,0,0,m,S,3,,age_unknown,Mr,0
540,2,0,f,C,1,22.0,young_adult,Miss,1
541,2,0,f,S,1,36.0,adult,Miss,1
542,2,4,f,S,3,9.0,child,Miss,0
543,2,4,f,S,3,11.0,adolecent,Miss,0
544,0,1,m,S,2,32.0,adult,Mr,1
545,0,1,m,C,1,50.0,middle_aged,Mr,0
546,0,0,m,S,1,64.0,early_old,Mr,0
547,0,1,f,S,2,19.0,adolecent,Mrs,1
548,0,0,m,C,2,,age_unknown,Mr,1
549,1,1,m,S,3,33.0,adult,Mr,0
550,1,1,m,S,2,8.0,child,Master,1
551,2,0,m,C,1,17.0,adolecent,Mr,1
552,0,0,m,S,2,27.0,young_adult,Mr,0
553,0,0,m,Q,3,,age_unknown,Mr,0
554,0,0,m,C,3,22.0,young_adult,Mr,1
555,0,0,f,S,3,22.0,young_adult,Miss,1
556,0,0,m,S,1,62.0,early_old,Mr,0
557,0,1,f,C,1,48.0,middle_aged,Lady,1
558,0,0,m,C,1,,age_unknown,Mr,0
559,1,1,f,S,1,39.0,adult,Mrs,1
560,0,1,f,S,3,36.0,adult,Mrs,1
561,0,0,m,Q,3,,age_unknown,Mr,0
562,0,0,m,S,3,40.0,middle_aged,Mr,0
563,0,0,m,S,2,28.0,young_adult,Mr,0
564,0,0,m,S,3,,age_unknown,Mr,0
565,0,0,f,S,3,,age_unknown,Miss,0
566,0,2,m,S,3,24.0,young_adult,Mr,0
567,0,0,m,S,3,19.0,adolecent,Mr,0
568,4,0,f,S,3,29.0,young_adult,Mrs,0
569,0,0,m,C,3,,age_unknown,Mr,0
570,0,0,m,S,3,32.0,adult,Mr,1
571,0,0,m,S,2,62.0,early_old,Mr,1
572,0,2,f,S,1,53.0,middle_aged,Mrs,1
573,0,0,m,S,1,36.0,adult,Mr,1
574,0,0,f,Q,3,,age_unknown,Miss,1
575,0,0,m,S,3,16.0,adolecent,Mr,0
576,0,0,m,S,3,19.0,adolecent,Mr,0
577,0,0,f,S,2,34.0,adult,Miss,1
578,0,1,f,S,1,39.0,adult,Mrs,1
579,0,1,f,C,3,,age_unknown,Mrs,0
580,0,0,m,S,3,32.0,adult,Mr,1
581,1,1,f,S,2,25.0,young_adult,Miss,1
582,1,1,f,C,1,39.0,adult,Mrs,1
583,0,0,m,S,2,54.0,middle_aged,Mr,0
584,0,0,m,C,1,36.0,adult,Mr,0
585,0,0,m,C,3,,age_unknown,Mr,0
586,2,0,f,S,1,18.0,adolecent,Miss,1
587,0,0,m,S,2,47.0,middle_aged,Mr,0
588,1,1,m,C,1,60.0,early_old,Mr,1
589,0,0,m,S,3,22.0,young_adult,Mr,0
590,0,0,m,S,3,,age_unknown,Mr,0
591,0,0,m,S,3,35.0,adult,Mr,0
592,0,1,f,C,1,52.0,middle_aged,Mrs,1
593,0,0,m,S,3,47.0,middle_aged,Mr,0
594,2,0,f,Q,3,,age_unknown,Miss,0
595,0,1,m,S,2,37.0,adult,Mr,0
596,1,1,m,S,3,36.0,adult,Mr,0
597,0,0,f,S,2,,age_unknown,Miss,1
598,0,0,m,S,3,49.0,middle_aged,Mr,0
599,0,0,m,C,3,,age_unknown,Mr,0
600,0,1,m,C,1,49.0,middle_aged,Sir,1
601,1,2,f,S,2,24.0,young_adult,Mrs,1
602,0,0,m,S,3,,age_unknown,Mr,0
603,0,0,m,S,1,,age_unknown,Mr,0
604,0,0,m,S,3,44.0,middle_aged,Mr,0
605,0,0,m,C,1,35.0,adult,Mr,1
606,0,1,m,S,3,36.0,adult,Mr,0
607,0,0,m,S,3,30.0,adult,Mr,0
608,0,0,m,S,1,27.0,young_adult,Mr,1
609,2,1,f,C,2,22.0,young_adult,Mrs,1
610,0,0,f,S,1,40.0,middle_aged,Miss,1
611,5,1,f,S,3,39.0,adult,Mrs,0
612,0,0,m,S,3,,age_unknown,Mr,0
613,0,1,f,Q,3,,age_unknown,Miss,1
614,0,0,m,Q,3,,age_unknown,Mr,0
615,0,0,m,S,3,35.0,adult,Mr,0
616,2,1,f,S,2,24.0,young_adult,Miss,1
617,1,1,m,S,3,34.0,adult,Mr,0
618,0,1,f,S,3,26.0,young_adult,Mrs,0
619,1,2,f,S,2,4.0,child,Miss,1
620,0,0,m,S,2,26.0,young_adult,Mr,0
621,0,1,m,C,3,27.0,young_adult,Mr,0
622,0,1,m,S,1,42.0,middle_aged,Mr,1
623,1,1,m,C,3,20.0,young_adult,Mr,1
624,0,0,m,S,3,21.0,young_adult,Mr,0
625,0,0,m,S,3,21.0,young_adult,Mr,0
626,0,0,m,S,1,61.0,early_old,Mr,0
627,0,0,m,Q,2,57.0,middle_aged,Rev,0
628,0,0,f,S,1,21.0,young_adult,Miss,1
629,0,0,m,S,3,26.0,young_adult,Mr,0
630,0,0,m,Q,3,,age_unknown,Mr,0
631,0,0,m,S,1,80.0,old,Mr,1
632,0,0,m,S,3,51.0,middle_aged,Mr,0
633,0,0,m,C,1,32.0,adult,Dr,1
634,0,0,m,S,1,,age_unknown,Mr,0
635,2,3,f,S,3,9.0,child,Miss,0
636,0,0,f,S,2,28.0,young_adult,Miss,1
637,0,0,m,S,3,32.0,adult,Mr,0
638,1,1,m,S,2,31.0,adult,Mr,0
639,5,0,f,S,3,41.0,middle_aged,Mrs,0
640,0,1,m,S,3,,age_unknown,Mr,0
641,0,0,m,S,3,20.0,young_adult,Mr,0
642,0,0,f,C,1,24.0,young_adult,Mlle,1
643,2,3,f,S,3,2.0,child,Miss,0
644,0,0,m,S,3,,age_unknown,Mr,1
645,1,2,f,C,3,0.75,infant,Miss,1
646,0,1,m,C,1,48.0,middle_aged,Mr,1
647,0,0,m,S,3,19.0,adolecent,Mr,0
648,0,0,m,C,1,56.0,middle_aged,Col,1
649,0,0,m,S,3,,age_unknown,Mr,0
650,0,0,f,S,3,23.0,young_adult,Miss,1
651,0,0,m,S,3,,age_unknown,Mr,0
652,1,0,f,S,2,18.0,adolecent,Miss,1
653,0,0,m,S,3,21.0,young_adult,Mr,0
654,0,0,f,Q,3,,age_unknown,Miss,1
655,0,0,f,Q,3,18.0,adolecent,Miss,0
656,0,2,m,S,2,24.0,young_adult,Mr,0
657,0,0,m,S,3,,age_unknown,Mr,0
658,1,1,f,Q,3,32.0,adult,Mrs,0
659,0,0,m,S,2,23.0,young_adult,Mr,0
660,2,0,m,C,1,58.0,middle_aged,Mr,0
661,0,2,m,S,1,50.0,middle_aged,Dr,1
662,0,0,m,C,3,40.0,middle_aged,Mr,0
663,0,0,m,S,1,47.0,middle_aged,Mr,0
664,0,0,m,S,3,36.0,adult,Mr,0
665,0,1,m,S,3,20.0,young_adult,Mr,1
666,0,2,m,S,2,32.0,adult,Mr,0
667,0,0,m,S,2,25.0,young_adult,Mr,0
668,0,0,m,S,3,,age_unknown,Mr,0
669,0,0,m,S,3,43.0,middle_aged,Mr,0
670,0,1,f,S,1,,age_unknown,Mrs,1
671,1,1,f,S,2,40.0,middle_aged,Mrs,1
672,0,1,m,S,1,31.0,adult,Mr,0
673,0,0,m,S,2,70.0,early_old,Mr,0
674,0,0,m,S,2,31.0,adult,Mr,1
675,0,0,m,S,2,,age_unknown,Mr,0
676,0,0,m,S,3,18.0,adolecent,Mr,0
677,0,0,m,S,3,24.5,young_adult,Mr,0
678,0,0,f,S,3,18.0,adolecent,Miss,1
679,6,1,f,S,3,43.0,middle_aged,Mrs,0
680,1,0,m,C,1,36.0,adult,Mr,1
681,0,0,f,Q,3,,age_unknown,Miss,0
682,0,0,m,C,1,27.0,young_adult,Mr,1
683,0,0,m,S,3,20.0,young_adult,Mr,0
684,2,5,m,S,3,14.0,adolecent,Mr,0
685,1,1,m,S,2,60.0,early_old,Mr,0
686,2,1,m,C,2,25.0,young_adult,Mr,0
687,1,4,m,S,3,14.0,adolecent,Mr,0
688,0,0,m,S,3,19.0,adolecent,Mr,0
689,0,0,m,S,3,18.0,adolecent,Mr,0
690,1,0,f,S,1,15.0,adolecent,Miss,1
691,0,1,m,S,1,31.0,adult,Mr,1
692,1,0,f,C,3,4.0,child,Miss,1
693,0,0,m,S,3,,age_unknown,Mr,1
694,0,0,m,C,3,25.0,young_adult,Mr,0
695,0,0,m,S,1,60.0,early_old,Col,0
696,0,0,m,S,2,52.0,middle_aged,Mr,0
697,0,0,m,S,3,44.0,middle_aged,Mr,0
698,0,0,f,Q,3,,age_unknown,Miss,1
699,1,1,m,C,1,49.0,middle_aged,Mr,0
700,0,0,m,S,3,42.0,middle_aged,Mr,0
701,0,1,f,C,1,18.0,adolecent,Mrs,1
702,0,0,m,S,1,35.0,adult,Mr,1
703,1,0,f,C,3,18.0,adolecent,Miss,0
704,0,0,m,Q,3,25.0,young_adult,Mr,0
705,0,1,m,S,3,26.0,young_adult,Mr,0
706,0,0,m,S,2,39.0,adult,Mr,0
707,0,0,f,S,2,45.0,middle_aged,Mrs,1
708,0,0,m,S,1,42.0,middle_aged,Mr,1
709,0,0,f,S,1,22.0,young_adult,Miss,1
710,1,1,m,C,3,,age_unknown,Master,1
711,0,0,f,C,1,24.0,young_adult,Mlle,1
712,0,0,m,S,1,,age_unknown,Mr,0
713,0,1,m,S,1,48.0,middle_aged,Mr,1
714,0,0,m,S,3,29.0,young_adult,Mr,0
715,0,0,m,S,2,52.0,middle_aged,Mr,0
716,0,0,m,S,3,19.0,adolecent,Mr,0
717,0,0,f,C,1,38.0,adult,Miss,1
718,0,0,f,S,2,27.0,young_adult,Miss,1
719,0,0,m,Q,3,,age_unknown,Mr,0
720,0,0,m,S,3,33.0,adult,Mr,0
721,1,0,f,S,2,6.0,child,Miss,1
722,0,1,m,S,3,17.0,adolecent,Mr,0
723,0,0,m,S,2,34.0,adult,Mr,0
724,0,0,m,S,2,50.0,middle_aged,Mr,0
725,0,1,m,S,1,27.0,young_adult,Mr,1
726,0,0,m,S,3,20.0,young_adult,Mr,0
727,0,3,f,S,2,30.0,adult,Mrs,1
728,0,0,f,Q,3,,age_unknown,Miss,1
729,0,1,m,S,2,25.0,young_adult,Mr,0
730,0,1,f,S,3,25.0,young_adult,Miss,0
731,0,0,f,S,1,29.0,young_adult,Miss,1
732,0,0,m,C,3,11.0,adolecent,Mr,0
733,0,0,m,S,2,,age_unknown,Mr,0
734,0,0,m,S,2,23.0,young_adult,Mr,0
735,0,0,m,S,2,23.0,young_adult,Mr,0
736,0,0,m,S,3,28.5,young_adult,Mr,0
737,3,1,f,S,3,48.0,middle_aged,Mrs,0
738,0,0,m,C,1,35.0,adult,Mr,1
739,0,0,m,S,3,,age_unknown,Mr,0
740,0,0,m,S,3,,age_unknown,Mr,0
741,0,0,m,S,1,,age_unknown,Mr,1
742,0,1,m,S,1,36.0,adult,Mr,0
743,2,2,f,C,1,21.0,young_adult,Miss,1
744,0,1,m,S,3,24.0,young_adult,Mr,0
745,0,0,m,S,3,31.0,adult,Mr,1
746,1,1,m,S,1,70.0,early_old,Capt,0
747,1,1,m,S,3,16.0,adolecent,Mr,0
748,0,0,f,S,2,30.0,adult,Miss,1
749,0,1,m,S,1,19.0,adolecent,Mr,0
750,0,0,m,Q,3,31.0,adult,Mr,0
751,1,1,f,S,2,4.0,child,Miss,1
752,1,0,m,S,3,6.0,child,Master,1
753,0,0,m,S,3,33.0,adult,Mr,0
754,0,0,m,S,3,23.0,young_adult,Mr,0
755,2,1,f,S,2,48.0,middle_aged,Mrs,1
756,1,1,m,S,2,0.67,infant,Master,1
757,0,0,m,S,3,28.0,young_adult,Mr,0
758,0,0,m,S,2,18.0,adolecent,Mr,0
759,0,0,m,S,3,34.0,adult,Mr,0
760,0,0,f,S,1,33.0,adult,the Countess,1
761,0,0,m,S,3,,age_unknown,Mr,0
762,0,0,m,S,3,41.0,middle_aged,Mr,0
763,0,0,m,C,3,20.0,young_adult,Mr,1
764,2,1,f,S,1,36.0,adult,Mrs,1
765,0,0,m,S,3,16.0,adolecent,Mr,0
766,0,1,f,S,1,51.0,middle_aged,Mrs,1
767,0,0,m,C,1,,age_unknown,Dr,0
768,0,0,f,Q,3,30.5,adult,Miss,0
769,0,1,m,Q,3,,age_unknown,Mr,0
770,0,0,m,S,3,32.0,adult,Mr,0
771,0,0,m,S,3,24.0,young_adult,Mr,0
772,0,0,m,S,3,48.0,middle_aged,Mr,0
773,0,0,f,S,2,57.0,middle_aged,Mrs,0
774,0,0,m,C,3,,age_unknown,Mr,0
775,3,1,f,S,2,54.0,middle_aged,Mrs,1
776,0,0,m,S,3,18.0,adolecent,Mr,0
777,0,0,m,Q,3,,age_unknown,Mr,0
778,0,0,f,S,3,5.0,child,Miss,1
779,0,0,m,Q,3,,age_unknown,Mr,0
780,1,0,f,S,1,43.0,middle_aged,Mrs,1
781,0,0,f,C,3,13.0,adolecent,Miss,1
782,0,1,f,S,1,17.0,adolecent,Mrs,1
783,0,0,m,S,1,29.0,young_adult,Mr,0
784,2,1,m,S,3,,age_unknown,Mr,0
785,0,0,m,S,3,25.0,young_adult,Mr,0
786,0,0,m,S,3,25.0,young_adult,Mr,0
787,0,0,f,S,3,18.0,adolecent,Miss,1
788,1,4,m,Q,3,8.0,child,Master,0
789,2,1,m,S,3,1.0,infant,Master,1
790,0,0,m,C,1,46.0,middle_aged,Mr,0
791,0,0,m,Q,3,,age_unknown,Mr,0
792,0,0,m,S,2,16.0,adolecent,Mr,0
793,2,8,f,S,3,,age_unknown,Miss,0
794,0,0,m,C,1,,age_unknown,Mr,0
795,0,0,m,S,3,25.0,young_adult,Mr,0
796,0,0,m,S,2,39.0,adult,Mr,0
797,0,0,f,S,1,49.0,middle_aged,Dr,1
798,0,0,f,S,3,31.0,adult,Mrs,1
799,0,0,m,C,3,30.0,adult,Mr,0
800,1,1,f,S,3,30.0,adult,Mrs,0
801,0,0,m,S,2,34.0,adult,Mr,0
802,1,1,f,S,2,31.0,adult,Mrs,1
803,2,1,m,S,1,11.0,adolecent,Master,1
804,1,0,m,C,3,0.42,infant,Master,1
805,0,0,m,S,3,27.0,young_adult,Mr,1
806,0,0,m,S,3,31.0,adult,Mr,0
807,0,0,m,S,1,39.0,adult,Mr,0
808,0,0,f,S,3,18.0,adolecent,Miss,0
809,0,0,m,S,2,39.0,adult,Mr,0
810,0,1,f,S,1,33.0,adult,Mrs,1
811,0,0,m,S,3,26.0,young_adult,Mr,0
812,0,0,m,S,3,39.0,adult,Mr,0
813,0,0,m,S,2,35.0,adult,Mr,0
814,2,4,f,S,3,6.0,child,Miss,0
815,0,0,m,S,3,30.5,adult,Mr,0
816,0,0,m,S,1,,age_unknown,Mr,0
817,0,0,f,S,3,23.0,young_adult,Miss,0
818,1,1,m,C,2,31.0,adult,Mr,0
819,0,0,m,S,3,43.0,middle_aged,Mr,0
820,2,3,m,S,3,10.0,adolecent,Master,0
821,1,1,f,S,1,52.0,middle_aged,Mrs,1
822,0,0,m,S,3,27.0,young_adult,Mr,1
823,0,0,m,S,1,38.0,adult,Jonkheer,0
824,1,0,f,S,3,27.0,young_adult,Mrs,1
825,1,4,m,S,3,2.0,child,Master,0
826,0,0,m,Q,3,,age_unknown,Mr,0
827,0,0,m,S,3,,age_unknown,Mr,0
828,2,0,m,C,2,1.0,infant,Master,1
829,0,0,m,Q,3,,age_unknown,Mr,1
830,0,0,f,N,1,62.0,early_old,Mrs,1
831,0,1,f,C,3,15.0,adolecent,Mrs,1
832,1,1,m,S,2,0.83,infant,Master,1
833,0,0,m,C,3,,age_unknown,Mr,0
834,0,0,m,S,3,23.0,young_adult,Mr,0
835,0,0,m,S,3,18.0,adolecent,Mr,0
836,1,1,f,C,1,39.0,adult,Miss,1
837,0,0,m,S,3,21.0,young_adult,Mr,0
838,0,0,m,S,3,,age_unknown,Mr,0
839,0,0,m,S,3,32.0,adult,Mr,1
840,0,0,m,C,1,,age_unknown,Mr,1
841,0,0,m,S,3,20.0,young_adult,Mr,0
842,0,0,m,S,2,16.0,adolecent,Mr,0
843,0,0,f,C,1,30.0,adult,Miss,1
844,0,0,m,C,3,34.5,adult,Mr,0
845,0,0,m,S,3,17.0,adolecent,Mr,0
846,0,0,m,S,3,42.0,middle_aged,Mr,0
847,2,8,m,S,3,,age_unknown,Mr,0
848,0,0,m,C,3,35.0,adult,Mr,0
849,1,0,m,S,2,28.0,young_adult,Rev,0
850,0,1,f,C,1,,age_unknown,Mrs,1
851,2,4,m,S,3,4.0,child,Master,0
852,0,0,m,S,3,74.0,early_old,Mr,0
853,1,1,f,C,3,9.0,child,Miss,0
854,1,0,f,S,1,16.0,adolecent,Miss,1
855,0,1,f,S,2,44.0,middle_aged,Mrs,0
856,1,0,f,S,3,18.0,adolecent,Mrs,1
857,1,1,f,S,1,45.0,middle_aged,Mrs,1
858,0,0,m,S,1,51.0,middle_aged,Mr,1
859,3,0,f,C,3,24.0,young_adult,Mrs,1
860,0,0,m,C,3,,age_unknown,Mr,0
861,0,2,m,S,3,41.0,middle_aged,Mr,0
862,0,1,m,S,2,21.0,young_adult,Mr,0
863,0,0,f,S,1,48.0,middle_aged,Mrs,1
864,2,8,f,S,3,,age_unknown,Miss,0
865,0,0,m,S,2,24.0,young_adult,Mr,0
866,0,0,f,S,2,42.0,middle_aged,Mrs,1
867,0,1,f,C,2,27.0,young_adult,Miss,1
868,0,0,m,S,1,31.0,adult,Mr,0
869,0,0,m,S,3,,age_unknown,Mr,0
870,1,1,m,S,3,4.0,child,Master,1
871,0,0,m,S,3,26.0,young_adult,Mr,0
872,1,1,f,S,1,47.0,middle_aged,Mrs,1
873,0,0,m,S,1,33.0,adult,Mr,0
874,0,0,m,S,3,47.0,middle_aged,Mr,0
875,0,1,f,C,2,28.0,young_adult,Mrs,1
876,0,0,f,C,3,15.0,adolecent,Miss,1
877,0,0,m,S,3,20.0,young_adult,Mr,0
878,0,0,m,S,3,19.0,adolecent,Mr,0
879,0,0,m,S,3,,age_unknown,Mr,0
880,1,0,f,C,1,56.0,middle_aged,Mrs,1
881,1,0,f,S,2,25.0,young_adult,Mrs,1
882,0,0,m,S,3,33.0,adult,Mr,0
883,0,0,f,S,3,22.0,young_adult,Miss,0
884,0,0,m,S,2,28.0,young_adult,Mr,0
885,0,0,m,S,3,25.0,young_adult,Mr,0
886,5,0,f,Q,3,39.0,adult,Mrs,0
887,0,0,m,S,2,27.0,young_adult,Rev,0
888,0,0,f,S,1,19.0,adolecent,Miss,1
889,2,1,f,S,3,,age_unknown,Miss,0
890,0,0,m,C,1,26.0,young_adult,Mr,1
891,0,0,m,Q,3,32.0,adult,Mr,0
